UUID,IDCustomer,DTTransaction,Points
1736f82f-2bc4-4604-abea-d0bd8d3fe4b1,5511cede-4bbd-4942-8e5e-0fa0deae77d7,2024-04-06 07:52:45,110
57f1bc4d-2585-4580-b2b7-7fda15dd6c12,9860c330-8d7e-4648-90e9-22220a579caf,2024-04-15 04:22:30,1435
ac3b6e91-4376-440d-9f44-4e213a18b73a,e1b14cf9-70ea-4da9-af79-77225561333d,2024-04-21 03:17:59,154
0631cd15-7d33-466b-987d-ee3d456fcc8c,898a6fe5-816f-4ba9-9fdf-b5a5156fbeea,2023-11-13 00:02:51,1462
5d22c6bc-0e54-43f1-918d-c10971ce8e02,72c84491-6e5f-4e51-9887-a24242ec474f,2024-02-26 02:03:10,882
07d1af05-5441-4b8c-ac3d-8c80979efb7a,cb07a0d6-5ad3-425e-a978-f697dbdcec49,2024-04-02 01:33:46,968
4ef8408a-7ecf-44bd-91a3-3bf52cd04261,6024a1f3-24d9-4068-81ad-5bfa66ebc602,2024-01-02 16:29:44,1356
da2d05ea-dfee-4dad-a43c-743707dd0f6b,88404cb1-047c-4efc-8105-b6ac82a7ef4f,2024-03-15 12:58:57,1058
92a35bc2-25bb-4dc1-85bb-209f18fc312b,14041c2a-854f-4dfe-b917-1a1d5934efa5,2024-05-08 17:33:30,192
90faec1d-68a0-45e2-b84c-d7e7e6b3d67b,34d52a35-64b4-4441-8448-1a20420578e0,2024-06-26 04:27:57,896
14459963-98ec-4dc8-88c5-751b8b2debf9,898a6fe5-816f-4ba9-9fdf-b5a5156fbeea,2024-06-15 23:38:29,924
3707e349-c162-4762-91ce-f69b5d9b8246,76580801-8db9-403d-b5f7-fe6f05bff4a0,2024-02-21 23:58:21,968
bb41d5c1-c4df-450d-b904-51e569ba295a,83182196-55b1-43cd-b26e-e1a65830c56d,2024-02-19 14:50:50,1256
cbaf8b4e-5eef-4abe-840c-89c39f249bcd,f1c294be-2056-41fc-8d4b-673d9b8576c9,2024-01-25 12:15:31,953
b73f95f5-7d9a-4734-98c8-5b6e8d6e0dc7,2c7a9746-ee0d-49f5-8753-669198af70b7,2024-03-07 20:04:44,127
7db0da7c-f86c-4912-a331-8d1959767c11,91f38b16-43e5-45ee-8386-61dc45ae50d4,2023-10-04 03:53:32,947
0083a123-3f19-47b7-a0bb-1d1d94ced830,78a4863c-d11a-4903-b4f7-fb9bc42c2e0f,2023-11-02 10:31:02,473
6ae98cfd-6f74-4e21-91e0-09678c87d2bb,49afce4c-3d34-4169-be12-b3128da6ff94,2024-03-04 01:51:31,1117
47a5d762-6072-44d0-8e62-7bbabe02be4a,29de6d44-d0dd-48da-bd5c-c5ff49e4e0bd,2024-01-02 20:07:50,1402
4069f29f-6913-4408-bbe7-4892ff36ad49,9adad1bb-bdc3-48ae-86e4-fa6626173af7,2023-10-11 22:17:09,674
f1beb257-8c8f-48e2-b408-4e3ef246be9f,cd7154d7-9a63-41a5-bb7c-40ba0883b77f,2023-10-04 10:38:19,105
75ac0903-d401-49bd-8f90-c3bb0da1d8b0,8012ea2a-3426-4799-93d5-48c3ca91b04c,2024-08-24 00:48:31,672
fa4bd13a-f06c-4b37-8d62-837cac908477,e1b14cf9-70ea-4da9-af79-77225561333d,2024-01-31 10:51:49,844
d1548616-df68-426f-8909-7372c886afef,aaf2207c-6c73-4ae0-9266-5775c171e333,2023-10-14 20:25:52,1403
cb22825b-2c4e-46e3-a8f6-7d3917caad7c,9860c330-8d7e-4648-90e9-22220a579caf,2024-03-19 06:40:55,170
bc9a01d3-cff3-4373-9b43-d2861af46bdd,34d52a35-64b4-4441-8448-1a20420578e0,2023-10-14 18:47:47,571
93d43e1b-6978-4b23-b10f-c03e15639268,88404cb1-047c-4efc-8105-b6ac82a7ef4f,2024-02-01 13:08:16,558
af42b59d-83b1-4f77-b160-5d4bdcc61c21,3b516b83-4198-45ab-8684-ff0198d70b64,2024-05-17 15:06:32,359
b4651857-eccc-49ab-8fae-35d0d3c11905,8dad4723-acf1-4d29-b14c-925d36c0c34c,2024-09-23 13:17:40,1500
7e1a3986-e0b9-45a3-bb9c-5c9515eea669,49afce4c-3d34-4169-be12-b3128da6ff94,2023-11-15 12:31:35,1390
17f2c928-f42e-4246-951a-12f7b2c61cfe,3b516b83-4198-45ab-8684-ff0198d70b64,2024-09-17 15:49:01,964
aedd3323-f61a-431d-add1-49dd70be18c1,78a4863c-d11a-4903-b4f7-fb9bc42c2e0f,2024-01-06 18:40:56,212
f328a5bf-1a62-427c-8f77-bbafa640ce79,aaf2207c-6c73-4ae0-9266-5775c171e333,2023-11-07 18:09:37,972
c8c4ae61-1111-4621-bf10-494bef46a6ea,f1c294be-2056-41fc-8d4b-673d9b8576c9,2024-02-17 18:43:35,1480
4d808144-afda-46a2-95b0-ec13464ebc97,83182196-55b1-43cd-b26e-e1a65830c56d,2024-06-14 00:39:14,1265
3598ce11-6a65-41b2-a83b-06e85dfb6d57,1e28f16c-9c24-4fe3-9a13-8ca4aad76ab1,2024-04-17 06:56:47,1251
fe3e3800-7c9e-4cab-b124-6f9c103f0593,00d59e41-3e66-4b9f-ace8-4abe69fa7c9a,2024-09-19 06:20:42,1252
3752ca99-ce24-4c96-a022-ccdbfe83fab0,3d8bbb17-0a5c-4cf8-b588-f14d9b4e940b,2024-09-28 08:27:38,197
a04372c5-6955-4190-b0b0-4ec4ad772234,45d2da08-5c77-48d9-8f1a-69414c6644ea,2024-04-10 05:05:17,930
7ca252ff-e02b-4901-95e3-39e54c00dcbe,ef38cfce-47eb-47ea-b593-56bf645b15e7,2024-04-17 23:50:40,1049
fd4e1004-bbb6-4187-bea3-d0a11300fe6f,ff0afa3c-de98-48b5-adef-3e75e5b943e7,2024-09-12 07:54:33,908
7ea4cd40-59b2-4fb8-b218-1920c512071c,3a8748f7-857d-4b2d-bb68-f6a437d0426a,2024-08-11 20:04:16,1152
4f0a5dbf-ffd3-46eb-abeb-be97865dd981,ef38cfce-47eb-47ea-b593-56bf645b15e7,2024-07-27 18:23:54,947
ea0b10c9-0446-4a97-bac2-705f7f9cba0f,45d2da08-5c77-48d9-8f1a-69414c6644ea,2023-10-27 13:43:44,694
d8e894ae-cdc7-41c5-8a30-add721c8d2a2,bffe27f9-311b-475d-ab3d-254c64bda0a7,2024-02-29 04:50:57,1062
bccd3655-cae0-49cb-b08a-15b010b17373,aaf2207c-6c73-4ae0-9266-5775c171e333,2024-02-05 08:25:33,1118
eb424b81-8f2f-443e-bacc-1b9153f5038d,bffe27f9-311b-475d-ab3d-254c64bda0a7,2023-10-13 23:34:04,1401
7a16bceb-219f-408e-ad29-80c01c23ffe3,8dad4723-acf1-4d29-b14c-925d36c0c34c,2024-07-25 04:37:39,1286
bd0e44f4-8f77-4be0-ada9-391c2f958cf2,33f2a272-894f-490a-bc9f-2237e7db1be8,2024-05-09 17:01:01,598
1ea2c13e-0b6f-47ea-a771-88dd42a051bb,45d2da08-5c77-48d9-8f1a-69414c6644ea,2023-12-13 09:09:01,1366
337a23b9-680f-4103-b576-4d02ea5c5419,49afce4c-3d34-4169-be12-b3128da6ff94,2024-03-03 01:57:09,1237
135047c5-0059-4a22-9a9e-53c13c108233,2c7a9746-ee0d-49f5-8753-669198af70b7,2024-03-03 00:01:56,633
98e4aba8-d78b-4fe7-a40e-1e52399e613c,ef38cfce-47eb-47ea-b593-56bf645b15e7,2023-12-15 00:28:02,643
f4216834-bb73-4a11-9ced-1dc78565deb8,78a4863c-d11a-4903-b4f7-fb9bc42c2e0f,2024-09-11 06:53:01,792
57897abf-d086-4905-803c-30a5db60d85b,5511cede-4bbd-4942-8e5e-0fa0deae77d7,2024-09-24 16:25:01,1360
5cfd34eb-ed0b-49da-8bc1-20396acf7814,1e28f16c-9c24-4fe3-9a13-8ca4aad76ab1,2024-01-22 04:42:23,254
07206c34-951e-4657-b0e3-83baa94052db,ef38cfce-47eb-47ea-b593-56bf645b15e7,2024-09-03 09:05:36,1358
7d47eeb7-6c9d-48c5-93d4-74fae6e10af3,49afce4c-3d34-4169-be12-b3128da6ff94,2024-09-07 05:40:41,1273
29e72454-1f34-40ee-8348-d9ca3fe4f92e,34d52a35-64b4-4441-8448-1a20420578e0,2023-10-05 15:20:15,363
3e9ffa03-146a-4ce1-9221-7056d298b7b2,78a4863c-d11a-4903-b4f7-fb9bc42c2e0f,2023-10-08 14:33:59,757
28b97cd0-9453-4b59-8af9-9925c3bdb048,29de6d44-d0dd-48da-bd5c-c5ff49e4e0bd,2024-06-30 09:04:09,139
7a925a5b-7ea8-4a68-93f2-1c7297620d60,5df05f41-3574-4fb5-a41a-5ca430cd29b0,2024-08-22 17:05:13,593
9f866060-7b18-44a3-a524-09e199ec1eb3,898a6fe5-816f-4ba9-9fdf-b5a5156fbeea,2024-03-11 10:22:29,250
b2f7e48a-54ad-4abf-85dd-b0acebc0d5a7,8dad4723-acf1-4d29-b14c-925d36c0c34c,2024-02-12 22:02:36,576
c141d21d-b593-45ae-a135-176ef5dafa7b,5d491bfa-8c6b-41bc-aaf7-55291fee64e2,2024-01-12 16:46:27,188
42dc8f1b-d6ad-4c3d-a72f-755eeaa8f28b,3a8748f7-857d-4b2d-bb68-f6a437d0426a,2024-03-08 00:49:34,1383
742b7106-2ef7-4b8a-bc75-58bdc0a9e795,9860c330-8d7e-4648-90e9-22220a579caf,2024-06-02 21:25:32,1410
515c2f9e-7490-4f78-ba7f-65a037007467,b19326e6-ef42-46cf-a718-02c714894460,2024-06-02 06:35:09,1065
9c0d823b-b3ae-4a12-9f18-892d7db01360,1e28f16c-9c24-4fe3-9a13-8ca4aad76ab1,2024-03-02 10:55:15,685
2a3a889b-7942-429b-b2f9-430d7d6b616a,83182196-55b1-43cd-b26e-e1a65830c56d,2024-05-14 15:17:58,1352
574790e8-c042-46d8-9f2d-eb7659d07609,e14a525f-80c5-4e39-9ebf-51b390c2f1ba,2023-12-01 06:09:50,500
abef0ca1-ee97-4b07-ad41-04afd980a996,49afce4c-3d34-4169-be12-b3128da6ff94,2024-02-28 18:50:31,994
98a38685-f5e7-4f5b-8e63-0dfa0e8b453d,2c7a9746-ee0d-49f5-8753-669198af70b7,2024-09-03 08:47:47,605
03078a57-e988-4d1f-a5f5-3869b4afa043,34d52a35-64b4-4441-8448-1a20420578e0,2024-05-10 13:03:16,599
11afe48d-92ae-4fdc-9367-0e17c1396e86,b1b1a5f2-965e-406b-a856-63c0184d00c5,2023-10-15 10:10:20,891
f00a3895-4a4e-4cd9-9d09-684a45cadef1,bffe27f9-311b-475d-ab3d-254c64bda0a7,2024-07-28 16:04:38,910
9d964dc7-cb9e-49f2-b083-377edab8c1f1,ff0afa3c-de98-48b5-adef-3e75e5b943e7,2024-05-23 18:20:57,173
ebf8fafe-8e1c-42f8-8cda-b3e237ec9abf,76580801-8db9-403d-b5f7-fe6f05bff4a0,2024-09-02 05:19:39,785
eb0e1de7-9017-43df-b5fe-ba44597cef03,54d64c88-dd45-400a-81e8-b14c234f98d8,2023-10-27 09:33:22,612
868f08dd-0f6d-4847-9797-1a651e8e0865,ef38cfce-47eb-47ea-b593-56bf645b15e7,2023-12-11 00:47:30,1151
26260278-69cf-43b0-ba9c-a17272294101,45d2da08-5c77-48d9-8f1a-69414c6644ea,2024-02-14 19:52:27,1225
daecc844-d9ec-41b0-a028-1f35d60aa484,3a8748f7-857d-4b2d-bb68-f6a437d0426a,2024-06-21 07:49:14,1201
2b09857d-16dd-4bae-bb89-d1ed236757f3,17fed3f4-a3ef-4314-b740-09fc9a559087,2023-12-08 22:05:30,1120
489c02e0-3b01-40cf-a804-56284adf3ada,91f38b16-43e5-45ee-8386-61dc45ae50d4,2024-02-19 07:23:59,574
03bd93d3-f888-4fd3-96fb-8469b869cbb0,2c7a9746-ee0d-49f5-8753-669198af70b7,2023-10-04 02:36:50,1133
f1b16a63-e9ce-45dd-bded-eb6883e6c1e7,3d8bbb17-0a5c-4cf8-b588-f14d9b4e940b,2024-03-17 15:28:01,382
2eae0e0a-9113-49c0-80a3-36ff5c878832,b1b1a5f2-965e-406b-a856-63c0184d00c5,2023-10-09 07:51:52,548
1ae7705a-bd61-40e2-b5af-3b62167443b9,b1b1a5f2-965e-406b-a856-63c0184d00c5,2024-07-11 18:44:28,804
d0e6c9e5-a7e5-4def-bf78-4f54c22aab22,898a6fe5-816f-4ba9-9fdf-b5a5156fbeea,2023-10-18 08:34:48,983
03d8efda-8e29-4f41-a107-dfd37edd1555,9860c330-8d7e-4648-90e9-22220a579caf,2024-08-02 03:01:54,1370
922fbf22-9754-4386-81a2-166100decb43,c58720b9-3fb7-4cd1-9aa4-f4ed6a1592b7,2024-07-13 22:39:08,445
637e448a-1a8d-4a21-a8fc-b17f8acaf514,bffe27f9-311b-475d-ab3d-254c64bda0a7,2024-01-31 16:52:59,1095
0651e5ca-7486-4bb6-ae65-bfa3c5917749,91f38b16-43e5-45ee-8386-61dc45ae50d4,2024-01-26 10:14:56,383
7a9add5f-d778-465f-bdf5-831dd07c0734,ef38cfce-47eb-47ea-b593-56bf645b15e7,2024-04-18 19:53:06,864
8e8e0a26-49c2-4b8a-b805-49e7c0e0ec6e,78a4863c-d11a-4903-b4f7-fb9bc42c2e0f,2024-06-02 11:27:17,1013
4a9ccb38-0bbb-4d32-bd98-fd955125982d,5df05f41-3574-4fb5-a41a-5ca430cd29b0,2023-10-19 13:03:54,1157
135a04ee-91bf-4117-bd46-d6dcceeb4e29,aaf2207c-6c73-4ae0-9266-5775c171e333,2024-07-13 11:14:03,160
0655a0e1-d084-4af9-89bb-dc0ff5e718dc,34d52a35-64b4-4441-8448-1a20420578e0,2024-09-15 01:52:38,529
17a48a62-90a5-4f71-a828-6827cc05f20b,b1b1a5f2-965e-406b-a856-63c0184d00c5,2024-03-08 13:28:09,283
6d608e23-1e7a-4fe6-8673-926e6f9be4c6,e1b14cf9-70ea-4da9-af79-77225561333d,2024-07-03 19:38:21,619
03b48842-9c12-4dae-9c2c-2a6df5c8c05a,3b516b83-4198-45ab-8684-ff0198d70b64,2024-06-09 08:53:17,567
8239a173-0568-461d-9a4d-42894b7bd38e,e14a525f-80c5-4e39-9ebf-51b390c2f1ba,2024-07-25 17:06:41,1087
f7e8e44b-4901-433d-b62c-6238c5cf9935,34d52a35-64b4-4441-8448-1a20420578e0,2024-07-24 19:50:29,780
a032dd8f-924f-4afc-bac4-09d852bf4998,6024a1f3-24d9-4068-81ad-5bfa66ebc602,2023-12-05 11:07:50,81
dfa7ab50-0b2c-4407-bc3d-2af4fa1326d0,3a8748f7-857d-4b2d-bb68-f6a437d0426a,2024-01-18 22:16:24,76
75d801ef-1469-4cb6-9a62-89c58869b5d2,5511cede-4bbd-4942-8e5e-0fa0deae77d7,2024-09-25 12:59:11,463
126dbffa-15d2-4424-97b9-baf74fbcbe54,8dad4723-acf1-4d29-b14c-925d36c0c34c,2024-01-27 09:29:01,502
7ff68204-f11f-44b2-b9d4-98ad3a0079ca,5d491bfa-8c6b-41bc-aaf7-55291fee64e2,2023-12-10 19:52:38,803
9279a3c4-936e-42cb-b52d-42d5fb2e7d6d,aaf2207c-6c73-4ae0-9266-5775c171e333,2023-12-17 02:59:33,1184
a56484ab-c037-43d1-b4da-d23a07be2585,c58720b9-3fb7-4cd1-9aa4-f4ed6a1592b7,2024-03-10 15:14:24,1158
83c7bd4b-e534-4b84-8306-a20e3a2f7d16,e14a525f-80c5-4e39-9ebf-51b390c2f1ba,2024-05-20 15:46:59,152
2261cb2b-7774-410b-b033-8151e1b6aa2b,6024a1f3-24d9-4068-81ad-5bfa66ebc602,2024-04-23 16:52:41,525
ba8bd5d8-c35a-4adb-8689-e14614af14c6,f1c294be-2056-41fc-8d4b-673d9b8576c9,2024-08-01 01:01:34,855
c8a5338b-ea8a-480f-bc2a-1153384bca4c,5511cede-4bbd-4942-8e5e-0fa0deae77d7,2024-08-06 00:35:52,700
765c94f9-18e3-4644-b23a-9824ac738dff,c58720b9-3fb7-4cd1-9aa4-f4ed6a1592b7,2024-09-03 05:23:54,394
1337f6c2-d6fc-441a-925a-f6bdecf58417,e1b14cf9-70ea-4da9-af79-77225561333d,2024-09-03 17:54:42,152
11f203c3-16ba-4c8d-b5b2-bc6550fa1896,ef38cfce-47eb-47ea-b593-56bf645b15e7,2023-11-29 14:35:17,393
4fb25157-3af0-44d7-8dc5-5339c1144166,8012ea2a-3426-4799-93d5-48c3ca91b04c,2024-02-05 05:34:02,1029
4b1fb6e5-fbb1-45ec-9649-8a44b540b4c9,f1c294be-2056-41fc-8d4b-673d9b8576c9,2023-10-23 18:51:37,1298
3938b1e8-abd5-47d5-bf54-358382d521e8,bffe27f9-311b-475d-ab3d-254c64bda0a7,2024-06-29 06:14:27,1048
44881f9c-4b23-44c3-a1f3-68c1800f7db2,b19326e6-ef42-46cf-a718-02c714894460,2023-10-23 11:01:26,970
26522294-900e-42bf-bbfa-02dfb23275b1,78a4863c-d11a-4903-b4f7-fb9bc42c2e0f,2024-03-20 02:03:55,130
e8e872c6-35b6-4101-bd9a-bf1694a0b60b,894fa9c8-0f5b-4bdf-9ec7-0968030b5bc0,2024-06-04 16:37:45,1237
cace4270-da1f-4857-a4a9-eef041675525,af7ab1b0-4450-4fca-8ade-7829fc588165,2024-02-15 15:30:58,1027
2b8abab9-1c6a-4e17-aa70-19e33ec497c6,5511cede-4bbd-4942-8e5e-0fa0deae77d7,2024-03-03 03:15:38,624
940215b9-fce8-41a4-aaf7-0b8ffe65760a,f1c294be-2056-41fc-8d4b-673d9b8576c9,2024-01-22 21:42:17,773
bcff9eef-293f-4e15-af04-582c0fd88b65,af7ab1b0-4450-4fca-8ade-7829fc588165,2024-04-11 20:04:43,1462
682b2848-a9f3-4550-a1c1-193a53788dd7,bffe27f9-311b-475d-ab3d-254c64bda0a7,2024-03-08 05:35:30,472
77c40fbf-16e1-4cd2-ad60-f3583d6c22ee,00d59e41-3e66-4b9f-ace8-4abe69fa7c9a,2024-05-15 21:07:34,991
80838a6b-71fa-4d07-9568-7da95c0e46d1,6024a1f3-24d9-4068-81ad-5bfa66ebc602,2024-08-08 06:55:35,310
ea5acc62-eef6-49cb-9326-5ae0752a6108,bcd47d44-51c0-4b37-8e2d-d56f8a61d27a,2024-08-13 11:44:02,711
381d299e-4ba7-443d-b893-4e3fefbd9290,e14a525f-80c5-4e39-9ebf-51b390c2f1ba,2023-10-13 17:48:58,791
9ee925d6-60ce-4ecd-8aca-06762ed49ad8,f1c294be-2056-41fc-8d4b-673d9b8576c9,2024-05-24 18:14:30,796
ad20c28b-98f0-4838-94e7-2574ae177361,6ed8d949-3d93-4897-a0f6-18775b9f51e9,2024-04-06 09:56:17,620
f2639172-0731-4013-a3e6-2559480f8980,f1c294be-2056-41fc-8d4b-673d9b8576c9,2024-07-24 15:11:26,1113
ce855550-0f7b-42cd-81a6-3c7a8c9edbb4,3d8bbb17-0a5c-4cf8-b588-f14d9b4e940b,2024-02-11 11:40:49,1155
80ccbfd4-623d-4bf3-bd6c-44ce7d3a2e41,2c7a9746-ee0d-49f5-8753-669198af70b7,2024-04-11 09:26:29,1299
f0732a89-281a-46be-9b7b-c311a82237e5,8dad4723-acf1-4d29-b14c-925d36c0c34c,2024-02-05 17:03:14,1226
97661352-a0c8-4167-9afa-463978ff162a,434c47fd-12a6-42ba-9684-4b4fc021b0d2,2024-01-26 00:59:33,348
76c48604-db23-471a-a1e3-845153cd98d4,29de6d44-d0dd-48da-bd5c-c5ff49e4e0bd,2023-12-11 12:59:35,937
56d41154-fb3b-42c7-9992-20b56c492ab7,76580801-8db9-403d-b5f7-fe6f05bff4a0,2024-04-12 22:04:34,230
76bc04c5-24a3-44e0-9181-104b8db1396d,cd7154d7-9a63-41a5-bb7c-40ba0883b77f,2024-03-19 21:05:44,54
6b9ea1ff-4a19-4ae9-8a93-af2e37cc983b,8dad4723-acf1-4d29-b14c-925d36c0c34c,2024-03-22 16:00:58,444
e3126d03-8932-4088-aafa-584ac5ead242,6024a1f3-24d9-4068-81ad-5bfa66ebc602,2024-03-05 06:24:25,952
4c46aa46-a18c-4d4c-9ca3-3f227043d35e,91f38b16-43e5-45ee-8386-61dc45ae50d4,2024-01-02 14:52:01,526
85878d45-4856-44f5-b6a4-2c3a8824ad72,2c7a9746-ee0d-49f5-8753-669198af70b7,2024-05-28 05:24:33,663
91f3ffd2-936d-4153-a201-a2cf87cc7d14,54d64c88-dd45-400a-81e8-b14c234f98d8,2024-09-23 05:57:28,203
b71ae881-fcc3-40d5-a7fe-8e1c864c7157,f1c294be-2056-41fc-8d4b-673d9b8576c9,2023-11-27 22:06:40,276
0b127bfe-27ad-4dfa-bbf9-45251b2ee919,33f2a272-894f-490a-bc9f-2237e7db1be8,2023-10-29 21:44:45,465
bd1576a7-b6e7-46e9-8e58-c47ef925e4c4,c58720b9-3fb7-4cd1-9aa4-f4ed6a1592b7,2023-11-20 18:53:28,1186
5c3bc1b0-6f8f-4aaa-a328-6fd739ecb3b1,17fed3f4-a3ef-4314-b740-09fc9a559087,2024-07-18 00:57:36,510
74fc5a8a-45de-42d2-840f-9ae78761b519,76580801-8db9-403d-b5f7-fe6f05bff4a0,2023-12-12 12:47:08,1463
e8f19731-160f-4422-855e-3343e5b4266e,b1b1a5f2-965e-406b-a856-63c0184d00c5,2024-08-06 12:02:43,968
8090bd71-064f-42ec-8b26-4c4801eb722b,83182196-55b1-43cd-b26e-e1a65830c56d,2024-04-23 16:52:17,217
427e53be-a860-4a09-afda-a1d0c78873c5,b1b1a5f2-965e-406b-a856-63c0184d00c5,2023-11-01 22:24:24,1100
b9cbf9bf-690f-4e8b-9646-127479744fa0,9860c330-8d7e-4648-90e9-22220a579caf,2023-10-14 22:22:40,538
28f07068-3113-4e6f-8804-10433543db35,ff0afa3c-de98-48b5-adef-3e75e5b943e7,2024-09-26 14:16:04,966
4d379c13-8ff5-4f01-a79f-40f389258159,29de6d44-d0dd-48da-bd5c-c5ff49e4e0bd,2024-08-19 20:27:09,948
598f9c74-0f2a-48d1-a57b-8ba86242048e,434c47fd-12a6-42ba-9684-4b4fc021b0d2,2024-08-12 14:28:32,1421
01999c30-13ab-443a-a6a4-b0b0a4a0e7e3,f1c294be-2056-41fc-8d4b-673d9b8576c9,2024-02-14 18:34:12,303
259076bf-7159-4d71-873e-3a801b8cdb8b,b19326e6-ef42-46cf-a718-02c714894460,2024-01-02 08:01:18,1146
cb02ce1c-d078-4948-a11a-29ffdf4390f3,78a4863c-d11a-4903-b4f7-fb9bc42c2e0f,2024-04-01 20:39:49,200
218e614e-e908-4832-8772-877fd841ba7f,af7ab1b0-4450-4fca-8ade-7829fc588165,2023-10-17 00:29:14,414
1be2efc4-9c26-4437-8900-7c15cbdd25e3,612d3d6c-8067-4322-a6cd-a043f18a3227,2024-07-31 16:07:19,1224
5e4a99bb-4270-4b49-97f3-4a882521ba78,83182196-55b1-43cd-b26e-e1a65830c56d,2024-05-31 14:48:58,224
86d2bcf4-4853-4642-8092-44d18772df04,970fe6b6-3819-4e86-ac8a-c472ae8b6ef6,2024-05-26 06:25:22,1026
b184bbb8-33e8-4a7f-98f4-b90946f1b864,88404cb1-047c-4efc-8105-b6ac82a7ef4f,2024-09-23 18:18:59,1166
520b6cd3-6aa4-4d20-9797-f8d91ffe4c84,34d52a35-64b4-4441-8448-1a20420578e0,2024-08-19 05:48:26,1143
d433ef2f-b935-490a-b40a-07326c8b1bd5,78a4863c-d11a-4903-b4f7-fb9bc42c2e0f,2024-09-04 06:22:22,1340
5e93df4f-5bf7-4220-8f4c-968c95fd2bf7,45d2da08-5c77-48d9-8f1a-69414c6644ea,2024-07-30 15:08:51,518
2633dbde-bab2-4d12-9fc4-1dc6710330aa,ff0afa3c-de98-48b5-adef-3e75e5b943e7,2023-12-08 05:36:08,147
b54b9376-709d-4fe1-91f2-bc2c1311f831,9860c330-8d7e-4648-90e9-22220a579caf,2024-07-11 13:35:44,331
3300c20f-6f30-4a66-81c1-c8896918eefe,ef38cfce-47eb-47ea-b593-56bf645b15e7,2024-08-01 19:14:19,831
607d946f-939f-4d36-a022-30145bd3b9e3,8012ea2a-3426-4799-93d5-48c3ca91b04c,2024-06-14 17:36:43,1189
4ed51bf3-2a33-4fc3-bedf-027333540671,5511cede-4bbd-4942-8e5e-0fa0deae77d7,2023-12-01 14:21:53,348
9e6bbfd6-2dc7-49fd-84ac-05a795c1b1f0,72c84491-6e5f-4e51-9887-a24242ec474f,2023-10-01 19:16:51,1365
8d494bb8-ab02-41ce-935a-f56c35b7db73,b19326e6-ef42-46cf-a718-02c714894460,2023-12-26 11:33:34,448
eb7065e8-f8a4-4be0-ae38-6ee79963c2f4,78a4863c-d11a-4903-b4f7-fb9bc42c2e0f,2023-11-12 05:34:56,261
10091aeb-edee-4d42-b71f-c52453932f67,3a8748f7-857d-4b2d-bb68-f6a437d0426a,2024-07-27 16:15:44,341
4d4a3258-d78f-47a4-9d9b-fe5e88cc73cc,9860c330-8d7e-4648-90e9-22220a579caf,2024-02-15 05:51:34,433
cf00ec21-9c86-4dc2-80a1-bef85a520921,00d59e41-3e66-4b9f-ace8-4abe69fa7c9a,2024-01-24 06:11:16,1315
2d8b854b-83c0-4937-ad78-abbfe60a7cd2,434c47fd-12a6-42ba-9684-4b4fc021b0d2,2023-11-22 06:38:15,1225
8f071402-8071-47b3-89cb-bde799b082c4,b1b1a5f2-965e-406b-a856-63c0184d00c5,2024-08-22 07:23:47,1295
0595f84c-d633-4d76-9631-3db33b633799,76580801-8db9-403d-b5f7-fe6f05bff4a0,2024-05-09 12:42:24,1404
35e073b3-ce55-4c60-8b7e-fa1fc25ea05d,6ed8d949-3d93-4897-a0f6-18775b9f51e9,2023-12-25 17:42:37,286
9e000b6d-08f8-444a-9808-93042247750a,5df05f41-3574-4fb5-a41a-5ca430cd29b0,2023-12-17 21:42:19,388
f80e6338-f597-425e-bd55-3908dc1f3e21,1e28f16c-9c24-4fe3-9a13-8ca4aad76ab1,2024-06-13 19:33:52,293
315b2bf5-d747-464a-8c62-ac4eafd6152f,b1b1a5f2-965e-406b-a856-63c0184d00c5,2024-01-17 14:25:29,1395
e15b7ba3-b391-465d-9a5a-41b501b8e041,14041c2a-854f-4dfe-b917-1a1d5934efa5,2024-08-24 05:00:18,245
bd1e52db-ef2a-4891-b914-bde43a50c2e1,6ed8d949-3d93-4897-a0f6-18775b9f51e9,2024-02-02 10:59:38,1461
1df5a35e-7c3b-477c-8ef4-c505368b0c39,5d491bfa-8c6b-41bc-aaf7-55291fee64e2,2024-08-04 00:07:33,80
55a83648-8fba-4024-a8ec-d740793a6404,00d59e41-3e66-4b9f-ace8-4abe69fa7c9a,2024-08-09 10:08:56,1053
c558f603-bf53-4f74-8cfd-025154d532c5,894fa9c8-0f5b-4bdf-9ec7-0968030b5bc0,2023-10-06 23:09:03,1046
0c73442f-4fb1-47d9-bff6-6607030360ad,5511cede-4bbd-4942-8e5e-0fa0deae77d7,2024-02-29 01:32:54,443
9f8bd598-cf20-4ff6-90c8-33b91d19131e,bffe27f9-311b-475d-ab3d-254c64bda0a7,2023-12-23 12:19:49,841
75ed6360-5654-442d-97e6-a23cde6ecebb,34d52a35-64b4-4441-8448-1a20420578e0,2024-07-01 01:45:17,1258
a56864d5-8f07-420c-a212-0936a097085f,e14a525f-80c5-4e39-9ebf-51b390c2f1ba,2024-02-05 03:55:58,427
63082b82-5945-4806-a21c-667c17efe610,894fa9c8-0f5b-4bdf-9ec7-0968030b5bc0,2024-06-29 14:45:55,682
c2d00895-e3c3-46e4-aa0f-e7cc65de4377,9860c330-8d7e-4648-90e9-22220a579caf,2024-01-26 07:48:39,1304
0ce6f4cb-5bfa-4fa2-a8b7-aedf525cc58d,898a6fe5-816f-4ba9-9fdf-b5a5156fbeea,2024-09-18 15:34:40,785
